<application>
  <component name="DimensionService">
    <location key="find.popup.0.0.1920.1080@144dpi" x="0" y="0" />
    <location key="find.popup.1920.0.1920.1200" x="1937" y="0" />
    <location key="find.popup.3840.0.1920.1200" x="4236" y="-1" />
    <location key="find.popup.1920.-110.1920.1200" x="1920" y="-110" />
    <location key="find.popup.3840.-110.1920.1200" x="4236" y="-111" />
    <location key="find.popup.1920.-487.1920.1200" x="2044" y="-490" />
    <location key="find.popup.0.0.1920.1080@120dpi" x="18" y="0" />
    <location key="find.popup.1920.0.2560.1440" x="2497" y="-3" />
    <location key="find.popup.1920.0.1920.1080" x="1937" y="0" />
    <location key="GridCell.Tab.1.left.0.0.1920.1080@120dpi" x="33" y="145" />
    <location key="GridCell.Tab.1.center.0.0.1920.1080@120dpi" x="33" y="145" />
    <location key="GridCell.Tab.1.right.0.0.1920.1080@120dpi" x="33" y="145" />
    <location key="GridCell.Tab.1.bottom.0.0.1920.1080@120dpi" x="33" y="145" />
    <location key="GridCell.Tab.2.left.0.0.1920.1080@120dpi" x="33" y="145" />
    <location key="GridCell.Tab.2.center.0.0.1920.1080@120dpi" x="33" y="145" />
    <location key="GridCell.Tab.2.right.0.0.1920.1080@120dpi" x="33" y="145" />
    <location key="GridCell.Tab.2.bottom.0.0.1920.1080@120dpi" x="33" y="145" />
    <location key="GridCell.Tab.-1.left.0.0.1920.1080@120dpi" x="471" y="156" />
    <location key="GridCell.Tab.-1.center.0.0.1920.1080@120dpi" x="471" y="156" />
    <location key="GridCell.Tab.-1.right.0.0.1920.1080@120dpi" x="471" y="156" />
    <location key="GridCell.Tab.-1.bottom.0.0.1920.1080@120dpi" x="471" y="156" />
    <location key="find.popup.-1920.0.1920.1200" x="-1903" y="0" />
    <location key="find.popup.-3840.0.1920.1200" x="-3823" y="0" />
    <location key="find.popup.0.0.1920.1200" x="700" y="124" />
    <location key="find.popup.-2400.608.1920.1080@120dpi" x="-2369" y="576" />
    <location key="find.popup.1920.-111.1920.1200" x="1920" y="-118" />
    <location key="find.popup.3840.-111.1920.1200" x="4315" y="44" />
    <size key="GridCell.Tab.0.left.0.0.1920.1080@144dpi" width="1307" height="447" />
    <size key="GridCell.Tab.0.center.0.0.1920.1080@144dpi" width="1307" height="447" />
    <size key="GridCell.Tab.0.right.0.0.1920.1080@144dpi" width="1307" height="447" />
    <size key="GridCell.Tab.0.bottom.0.0.1920.1080@144dpi" width="1307" height="447" />
    <size key="GridCell.Tab.1.left.0.0.1920.1080@144dpi" width="1307" height="447" />
    <size key="GridCell.Tab.1.center.0.0.1920.1080@144dpi" width="1307" height="447" />
    <size key="GridCell.Tab.1.right.0.0.1920.1080@144dpi" width="1307" height="447" />
    <size key="GridCell.Tab.1.bottom.0.0.1920.1080@144dpi" width="1307" height="447" />
    <size key="GridCell.Tab.2.left.0.0.1920.1080@144dpi" width="1307" height="447" />
    <size key="GridCell.Tab.2.center.0.0.1920.1080@144dpi" width="1307" height="447" />
    <size key="GridCell.Tab.2.right.0.0.1920.1080@144dpi" width="1307" height="447" />
    <size key="GridCell.Tab.2.bottom.0.0.1920.1080@144dpi" width="1307" height="447" />
    <size key="find.popup.0.0.1920.1080@144dpi" width="1920" height="1020" />
    <size key="GridCell.Tab.0.right.1920.0.1920.1200" width="1838" height="428" />
    <size key="GridCell.Tab.0.left.1920.0.1920.1200" width="1838" height="428" />
    <size key="GridCell.Tab.0.center.1920.0.1920.1200" width="1838" height="428" />
    <size key="GridCell.Tab.0.bottom.1920.0.1920.1200" width="1838" height="428" />
    <size key="GridCell.Tab.1.left.1920.0.1920.1200" width="1838" height="428" />
    <size key="GridCell.Tab.1.center.1920.0.1920.1200" width="1838" height="428" />
    <size key="GridCell.Tab.1.right.1920.0.1920.1200" width="1838" height="428" />
    <size key="GridCell.Tab.1.bottom.1920.0.1920.1200" width="1838" height="428" />
    <size key="find.popup.1920.0.1920.1200" width="1903" height="1160" />
    <size key="GridCell.Tab.3.left.1920.0.1920.1200" width="1838" height="624" />
    <size key="GridCell.Tab.3.center.1920.0.1920.1200" width="1838" height="624" />
    <size key="GridCell.Tab.3.right.1920.0.1920.1200" width="1838" height="624" />
    <size key="GridCell.Tab.3.bottom.1920.0.1920.1200" width="1838" height="624" />
    <size key="GridCell.Tab.4.left.1920.0.1920.1200" width="1838" height="624" />
    <size key="GridCell.Tab.4.center.1920.0.1920.1200" width="1838" height="624" />
    <size key="GridCell.Tab.4.right.1920.0.1920.1200" width="1838" height="624" />
    <size key="GridCell.Tab.4.bottom.1920.0.1920.1200" width="1838" height="624" />
    <size key="GridCell.Tab.2.left.1920.0.1920.1200" width="1838" height="422" />
    <size key="GridCell.Tab.2.center.1920.0.1920.1200" width="1838" height="422" />
    <size key="GridCell.Tab.2.right.1920.0.1920.1200" width="1838" height="422" />
    <size key="GridCell.Tab.2.bottom.1920.0.1920.1200" width="1838" height="422" />
    <size key="GridCell.Tab.0.left.3840.0.1920.1200" width="1838" height="546" />
    <size key="GridCell.Tab.0.center.3840.0.1920.1200" width="1838" height="546" />
    <size key="GridCell.Tab.0.right.3840.0.1920.1200" width="1838" height="546" />
    <size key="GridCell.Tab.0.bottom.3840.0.1920.1200" width="1838" height="546" />
    <size key="GridCell.Tab.1.left.3840.0.1920.1200" width="1838" height="291" />
    <size key="GridCell.Tab.1.center.3840.0.1920.1200" width="1838" height="291" />
    <size key="GridCell.Tab.1.right.3840.0.1920.1200" width="1838" height="291" />
    <size key="GridCell.Tab.1.bottom.3840.0.1920.1200" width="1838" height="291" />
    <size key="GridCell.Tab.2.left.3840.0.1920.1200" width="1838" height="708" />
    <size key="GridCell.Tab.2.center.3840.0.1920.1200" width="1838" height="708" />
    <size key="GridCell.Tab.2.right.3840.0.1920.1200" width="1838" height="708" />
    <size key="GridCell.Tab.2.bottom.3840.0.1920.1200" width="1838" height="708" />
    <size key="find.popup.3840.0.1920.1200" width="1522" height="1160" />
    <size key="find.popup.1920.-110.1920.1200" width="1920" height="1160" />
    <size key="GridCell.Tab.0.right.1920.-110.1920.1200" width="1838" height="357" />
    <size key="GridCell.Tab.0.left.1920.-110.1920.1200" width="1838" height="357" />
    <size key="GridCell.Tab.0.center.1920.-110.1920.1200" width="1838" height="357" />
    <size key="GridCell.Tab.0.bottom.1920.-110.1920.1200" width="1838" height="357" />
    <size key="GridCell.Tab.1.left.1920.-110.1920.1200" width="1838" height="480" />
    <size key="GridCell.Tab.1.center.1920.-110.1920.1200" width="1838" height="480" />
    <size key="GridCell.Tab.1.right.1920.-110.1920.1200" width="1838" height="480" />
    <size key="GridCell.Tab.1.bottom.1920.-110.1920.1200" width="1838" height="480" />
    <size key="GridCell.Tab.2.left.1920.-110.1920.1200" width="1838" height="357" />
    <size key="GridCell.Tab.2.center.1920.-110.1920.1200" width="1838" height="357" />
    <size key="GridCell.Tab.2.right.1920.-110.1920.1200" width="1838" height="357" />
    <size key="GridCell.Tab.2.bottom.1920.-110.1920.1200" width="1838" height="357" />
    <size key="GridCell.Tab.0.left.3840.-110.1920.1200" width="1838" height="480" />
    <size key="GridCell.Tab.0.center.3840.-110.1920.1200" width="1838" height="480" />
    <size key="GridCell.Tab.0.right.3840.-110.1920.1200" width="1838" height="480" />
    <size key="GridCell.Tab.0.bottom.3840.-110.1920.1200" width="1838" height="480" />
    <size key="GridCell.Tab.1.left.3840.-110.1920.1200" width="1838" height="480" />
    <size key="GridCell.Tab.1.center.3840.-110.1920.1200" width="1838" height="480" />
    <size key="GridCell.Tab.1.right.3840.-110.1920.1200" width="1838" height="480" />
    <size key="GridCell.Tab.1.bottom.3840.-110.1920.1200" width="1838" height="480" />
    <size key="GridCell.Tab.2.left.3840.-110.1920.1200" width="1838" height="480" />
    <size key="GridCell.Tab.2.center.3840.-110.1920.1200" width="1838" height="480" />
    <size key="GridCell.Tab.2.right.3840.-110.1920.1200" width="1838" height="480" />
    <size key="GridCell.Tab.2.bottom.3840.-110.1920.1200" width="1838" height="480" />
    <size key="find.popup.3840.-110.1920.1200" width="1522" height="1160" />
    <size key="GridCell.Tab.3.left.1920.-110.1920.1200" width="1838" height="480" />
    <size key="GridCell.Tab.3.center.1920.-110.1920.1200" width="1838" height="480" />
    <size key="GridCell.Tab.3.right.1920.-110.1920.1200" width="1838" height="480" />
    <size key="GridCell.Tab.3.bottom.1920.-110.1920.1200" width="1838" height="480" />
    <size key="GridCell.Tab.3.left.0.0.1920.1080@144dpi" width="1307" height="447" />
    <size key="GridCell.Tab.3.center.0.0.1920.1080@144dpi" width="1307" height="447" />
    <size key="GridCell.Tab.3.right.0.0.1920.1080@144dpi" width="1307" height="447" />
    <size key="GridCell.Tab.3.bottom.0.0.1920.1080@144dpi" width="1307" height="447" />
    <size key="GridCell.Tab.3.left.3840.-110.1920.1200" width="1838" height="480" />
    <size key="GridCell.Tab.3.center.3840.-110.1920.1200" width="1838" height="480" />
    <size key="GridCell.Tab.3.right.3840.-110.1920.1200" width="1838" height="480" />
    <size key="GridCell.Tab.3.bottom.3840.-110.1920.1200" width="1838" height="480" />
    <size key="find.popup.1920.-487.1920.1200" width="1522" height="1160" />
    <size key="GridCell.Tab.0.left.1920.-487.1920.1200" width="1838" height="687" />
    <size key="GridCell.Tab.0.center.1920.-487.1920.1200" width="1838" height="687" />
    <size key="GridCell.Tab.0.right.1920.-487.1920.1200" width="1838" height="687" />
    <size key="GridCell.Tab.0.bottom.1920.-487.1920.1200" width="1838" height="687" />
    <size key="GridCell.Tab.1.left.1920.-487.1920.1200" width="1838" height="976" />
    <size key="GridCell.Tab.1.center.1920.-487.1920.1200" width="1838" height="976" />
    <size key="GridCell.Tab.1.right.1920.-487.1920.1200" width="1838" height="976" />
    <size key="GridCell.Tab.1.bottom.1920.-487.1920.1200" width="1838" height="976" />
    <size key="GridCell.Tab.2.left.1920.-487.1920.1200" width="1838" height="976" />
    <size key="GridCell.Tab.2.center.1920.-487.1920.1200" width="1838" height="976" />
    <size key="GridCell.Tab.2.right.1920.-487.1920.1200" width="1838" height="976" />
    <size key="GridCell.Tab.2.bottom.1920.-487.1920.1200" width="1838" height="976" />
    <size key="GridCell.Tab.-1.left.1920.-487.1920.1200" width="1530" height="776" />
    <size key="GridCell.Tab.-1.center.1920.-487.1920.1200" width="1530" height="776" />
    <size key="GridCell.Tab.-1.right.1920.-487.1920.1200" width="1530" height="776" />
    <size key="GridCell.Tab.-1.bottom.1920.-487.1920.1200" width="1530" height="776" />
    <size key="GridCell.Tab.1.left.3840.0.1920.1080" width="1281" height="605" />
    <size key="GridCell.Tab.1.center.3840.0.1920.1080" width="1281" height="605" />
    <size key="GridCell.Tab.1.right.3840.0.1920.1080" width="1281" height="605" />
    <size key="GridCell.Tab.1.bottom.3840.0.1920.1080" width="1281" height="605" />
    <size key="GridCell.Tab.0.left.3840.0.1920.1080" width="1281" height="598" />
    <size key="GridCell.Tab.0.center.3840.0.1920.1080" width="1281" height="598" />
    <size key="GridCell.Tab.0.right.3840.0.1920.1080" width="1281" height="598" />
    <size key="GridCell.Tab.0.bottom.3840.0.1920.1080" width="1281" height="598" />
    <size key="GridCell.Tab.-1.left.3840.0.1920.1200" width="1920" height="1077" />
    <size key="GridCell.Tab.-1.center.3840.0.1920.1200" width="1920" height="1077" />
    <size key="GridCell.Tab.-1.right.3840.0.1920.1200" width="1920" height="1077" />
    <size key="GridCell.Tab.-1.bottom.3840.0.1920.1200" width="1920" height="1077" />
    <size key="GridCell.Tab.3.left.1920.-487.1920.1200" width="1838" height="530" />
    <size key="GridCell.Tab.3.center.1920.-487.1920.1200" width="1838" height="530" />
    <size key="GridCell.Tab.3.right.1920.-487.1920.1200" width="1838" height="530" />
    <size key="GridCell.Tab.3.bottom.1920.-487.1920.1200" width="1838" height="530" />
    <size key="GridCell.Tab.4.left.1920.-487.1920.1200" width="1838" height="530" />
    <size key="GridCell.Tab.4.center.1920.-487.1920.1200" width="1838" height="530" />
    <size key="GridCell.Tab.4.right.1920.-487.1920.1200" width="1838" height="530" />
    <size key="GridCell.Tab.4.bottom.1920.-487.1920.1200" width="1838" height="530" />
    <size key="GridCell.Tab.4.left.0.0.1920.1080@144dpi" width="1307" height="447" />
    <size key="GridCell.Tab.4.center.0.0.1920.1080@144dpi" width="1307" height="447" />
    <size key="GridCell.Tab.4.right.0.0.1920.1080@144dpi" width="1307" height="447" />
    <size key="GridCell.Tab.4.bottom.0.0.1920.1080@144dpi" width="1307" height="447" />
    <size key="GridCell.Tab.4.left.1920.-110.1920.1200" width="1838" height="480" />
    <size key="GridCell.Tab.4.center.1920.-110.1920.1200" width="1838" height="480" />
    <size key="GridCell.Tab.4.right.1920.-110.1920.1200" width="1838" height="480" />
    <size key="GridCell.Tab.4.bottom.1920.-110.1920.1200" width="1838" height="480" />
    <size key="find.popup.0.0.1920.1080@120dpi" width="1903" height="1030" />
    <size key="GridCell.Tab.0.left.0.0.1920.1080@120dpi" width="2290" height="322" />
    <size key="GridCell.Tab.0.center.0.0.1920.1080@120dpi" width="2290" height="322" />
    <size key="GridCell.Tab.0.right.0.0.1920.1080@120dpi" width="2290" height="322" />
    <size key="GridCell.Tab.0.bottom.0.0.1920.1080@120dpi" width="2290" height="322" />
    <size key="GridCell.Tab.1.left.0.0.1920.1080@120dpi" width="1813" height="578" />
    <size key="GridCell.Tab.1.center.0.0.1920.1080@120dpi" width="1813" height="578" />
    <size key="GridCell.Tab.1.right.0.0.1920.1080@120dpi" width="1813" height="578" />
    <size key="GridCell.Tab.1.bottom.0.0.1920.1080@120dpi" width="1813" height="578" />
    <size key="GridCell.Tab.2.left.0.0.1920.1080@120dpi" width="1818" height="452" />
    <size key="GridCell.Tab.2.center.0.0.1920.1080@120dpi" width="1818" height="452" />
    <size key="GridCell.Tab.2.right.0.0.1920.1080@120dpi" width="1818" height="452" />
    <size key="GridCell.Tab.2.bottom.0.0.1920.1080@120dpi" width="1818" height="452" />
    <size key="GridCell.Tab.3.left.0.0.1920.1080@120dpi" width="1818" height="452" />
    <size key="GridCell.Tab.3.center.0.0.1920.1080@120dpi" width="1818" height="452" />
    <size key="GridCell.Tab.3.right.0.0.1920.1080@120dpi" width="1818" height="452" />
    <size key="GridCell.Tab.3.bottom.0.0.1920.1080@120dpi" width="1818" height="452" />
    <size key="GridCell.Tab.4.left.0.0.1920.1080@120dpi" width="1818" height="452" />
    <size key="GridCell.Tab.4.center.0.0.1920.1080@120dpi" width="1818" height="452" />
    <size key="GridCell.Tab.4.right.0.0.1920.1080@120dpi" width="1818" height="452" />
    <size key="GridCell.Tab.4.bottom.0.0.1920.1080@120dpi" width="1818" height="452" />
    <size key="GridCell.Tab.3.left.3840.0.1920.1200" width="1454" height="105" />
    <size key="GridCell.Tab.3.center.3840.0.1920.1200" width="1454" height="105" />
    <size key="GridCell.Tab.3.right.3840.0.1920.1200" width="1454" height="105" />
    <size key="GridCell.Tab.3.bottom.3840.0.1920.1200" width="1454" height="105" />
    <size key="GridCell.Tab.4.left.3840.0.1920.1200" width="1454" height="105" />
    <size key="GridCell.Tab.4.center.3840.0.1920.1200" width="1454" height="105" />
    <size key="GridCell.Tab.4.right.3840.0.1920.1200" width="1454" height="105" />
    <size key="GridCell.Tab.4.bottom.3840.0.1920.1200" width="1454" height="105" />
    <size key="GridCell.Tab.0.left.0.0.2560.1440" width="2478" height="538" />
    <size key="GridCell.Tab.0.center.0.0.2560.1440" width="2478" height="538" />
    <size key="GridCell.Tab.0.right.0.0.2560.1440" width="2478" height="538" />
    <size key="GridCell.Tab.0.bottom.0.0.2560.1440" width="2478" height="538" />
    <size key="GridCell.Tab.1.left.0.0.2560.1440" width="2478" height="538" />
    <size key="GridCell.Tab.1.center.0.0.2560.1440" width="2478" height="538" />
    <size key="GridCell.Tab.1.right.0.0.2560.1440" width="2478" height="538" />
    <size key="GridCell.Tab.1.bottom.0.0.2560.1440" width="2478" height="538" />
    <size key="GridCell.Tab.2.left.0.0.2560.1440" width="2478" height="538" />
    <size key="GridCell.Tab.2.center.0.0.2560.1440" width="2478" height="538" />
    <size key="GridCell.Tab.2.right.0.0.2560.1440" width="2478" height="538" />
    <size key="GridCell.Tab.2.bottom.0.0.2560.1440" width="2478" height="538" />
    <size key="GridCell.Tab.3.left.0.0.2560.1440" width="1454" height="299" />
    <size key="GridCell.Tab.3.center.0.0.2560.1440" width="1454" height="299" />
    <size key="GridCell.Tab.3.right.0.0.2560.1440" width="1454" height="299" />
    <size key="GridCell.Tab.3.bottom.0.0.2560.1440" width="1454" height="299" />
    <size key="GridCell.Tab.4.left.0.0.2560.1440" width="1454" height="299" />
    <size key="GridCell.Tab.4.center.0.0.2560.1440" width="1454" height="299" />
    <size key="GridCell.Tab.4.right.0.0.2560.1440" width="1454" height="299" />
    <size key="GridCell.Tab.4.bottom.0.0.2560.1440" width="1454" height="299" />
    <size key="GridCell.Tab.0.left.1920.0.2560.1440" width="1536" height="748" />
    <size key="GridCell.Tab.0.center.1920.0.2560.1440" width="1536" height="748" />
    <size key="GridCell.Tab.0.right.1920.0.2560.1440" width="1536" height="748" />
    <size key="GridCell.Tab.0.bottom.1920.0.2560.1440" width="1536" height="748" />
    <size key="GridCell.Tab.1.left.1920.0.2560.1440" width="2478" height="1045" />
    <size key="GridCell.Tab.1.center.1920.0.2560.1440" width="2478" height="1045" />
    <size key="GridCell.Tab.1.right.1920.0.2560.1440" width="2478" height="1045" />
    <size key="GridCell.Tab.1.bottom.1920.0.2560.1440" width="2478" height="1045" />
    <size key="GridCell.Tab.2.left.1920.0.2560.1440" width="2478" height="1045" />
    <size key="GridCell.Tab.2.center.1920.0.2560.1440" width="2478" height="1045" />
    <size key="GridCell.Tab.2.right.1920.0.2560.1440" width="2478" height="1045" />
    <size key="GridCell.Tab.2.bottom.1920.0.2560.1440" width="2478" height="1045" />
    <size key="GridCell.Tab.3.left.1920.0.2560.1440" width="2478" height="1045" />
    <size key="GridCell.Tab.3.center.1920.0.2560.1440" width="2478" height="1045" />
    <size key="GridCell.Tab.3.right.1920.0.2560.1440" width="2478" height="1045" />
    <size key="GridCell.Tab.3.bottom.1920.0.2560.1440" width="2478" height="1045" />
    <size key="GridCell.Tab.4.left.1920.0.2560.1440" width="2478" height="1045" />
    <size key="GridCell.Tab.4.center.1920.0.2560.1440" width="2478" height="1045" />
    <size key="GridCell.Tab.4.right.1920.0.2560.1440" width="2478" height="1045" />
    <size key="GridCell.Tab.4.bottom.1920.0.2560.1440" width="2478" height="1045" />
    <size key="find.popup.1920.0.2560.1440" width="1937" height="1346" />
    <size key="GridCell.Tab.0.left.1920.0.1920.1080" width="1838" height="360" />
    <size key="GridCell.Tab.0.center.1920.0.1920.1080" width="1838" height="360" />
    <size key="GridCell.Tab.0.right.1920.0.1920.1080" width="1838" height="360" />
    <size key="GridCell.Tab.0.bottom.1920.0.1920.1080" width="1838" height="360" />
    <size key="GridCell.Tab.1.left.1920.0.1920.1080" width="1838" height="360" />
    <size key="GridCell.Tab.1.center.1920.0.1920.1080" width="1838" height="360" />
    <size key="GridCell.Tab.1.right.1920.0.1920.1080" width="1838" height="360" />
    <size key="GridCell.Tab.1.bottom.1920.0.1920.1080" width="1838" height="360" />
    <size key="GridCell.Tab.2.left.1920.0.1920.1080" width="1838" height="291" />
    <size key="GridCell.Tab.2.center.1920.0.1920.1080" width="1838" height="291" />
    <size key="GridCell.Tab.2.right.1920.0.1920.1080" width="1838" height="291" />
    <size key="GridCell.Tab.2.bottom.1920.0.1920.1080" width="1838" height="291" />
    <size key="GridCell.Tab.3.left.1920.0.1920.1080" width="1838" height="291" />
    <size key="GridCell.Tab.3.center.1920.0.1920.1080" width="1838" height="291" />
    <size key="GridCell.Tab.3.right.1920.0.1920.1080" width="1838" height="291" />
    <size key="GridCell.Tab.3.bottom.1920.0.1920.1080" width="1838" height="291" />
    <size key="GridCell.Tab.4.left.1920.0.1920.1080" width="1838" height="291" />
    <size key="GridCell.Tab.4.center.1920.0.1920.1080" width="1838" height="291" />
    <size key="GridCell.Tab.4.right.1920.0.1920.1080" width="1838" height="291" />
    <size key="GridCell.Tab.4.bottom.1920.0.1920.1080" width="1838" height="291" />
    <size key="find.popup.1920.0.1920.1080" width="1903" height="1040" />
    <size key="GridCell.Tab.4.left.3840.-110.1920.1200" width="1838" height="480" />
    <size key="GridCell.Tab.4.center.3840.-110.1920.1200" width="1838" height="480" />
    <size key="GridCell.Tab.4.right.3840.-110.1920.1200" width="1838" height="480" />
    <size key="GridCell.Tab.4.bottom.3840.-110.1920.1200" width="1838" height="480" />
    <size key="GridCell.Tab.0.left.0.0.1920.1200" width="1838" height="465" />
    <size key="GridCell.Tab.0.center.0.0.1920.1200" width="1838" height="465" />
    <size key="GridCell.Tab.0.right.0.0.1920.1200" width="1838" height="465" />
    <size key="GridCell.Tab.0.bottom.0.0.1920.1200" width="1838" height="465" />
    <size key="GridCell.Tab.1.left.0.0.1920.1200" width="1838" height="465" />
    <size key="GridCell.Tab.1.center.0.0.1920.1200" width="1838" height="465" />
    <size key="GridCell.Tab.1.right.0.0.1920.1200" width="1838" height="465" />
    <size key="GridCell.Tab.1.bottom.0.0.1920.1200" width="1838" height="465" />
    <size key="GridCell.Tab.2.left.0.0.1920.1200" width="1838" height="465" />
    <size key="GridCell.Tab.2.center.0.0.1920.1200" width="1838" height="465" />
    <size key="GridCell.Tab.2.right.0.0.1920.1200" width="1838" height="465" />
    <size key="GridCell.Tab.2.bottom.0.0.1920.1200" width="1838" height="465" />
    <size key="GridCell.Tab.12.left.1920.-110.1920.1200" width="1838" height="471" />
    <size key="GridCell.Tab.12.center.1920.-110.1920.1200" width="1838" height="471" />
    <size key="GridCell.Tab.12.right.1920.-110.1920.1200" width="1838" height="471" />
    <size key="GridCell.Tab.12.bottom.1920.-110.1920.1200" width="1838" height="471" />
    <size key="GridCell.Tab.-1.left.1920.-110.1920.1200" width="1838" height="933" />
    <size key="GridCell.Tab.-1.center.1920.-110.1920.1200" width="1838" height="933" />
    <size key="GridCell.Tab.-1.right.1920.-110.1920.1200" width="1838" height="933" />
    <size key="GridCell.Tab.-1.bottom.1920.-110.1920.1200" width="1838" height="933" />
    <size key="GridCell.Tab.-1.left.0.0.1920.1080@120dpi" width="1818" height="370" />
    <size key="GridCell.Tab.-1.center.0.0.1920.1080@120dpi" width="1818" height="370" />
    <size key="GridCell.Tab.-1.right.0.0.1920.1080@120dpi" width="1818" height="370" />
    <size key="GridCell.Tab.-1.bottom.0.0.1920.1080@120dpi" width="1818" height="370" />
    <size key="GridCell.Tab.0.left.-1920.0.1920.1200" width="1838" height="361" />
    <size key="GridCell.Tab.0.center.-1920.0.1920.1200" width="1838" height="361" />
    <size key="GridCell.Tab.0.right.-1920.0.1920.1200" width="1838" height="361" />
    <size key="GridCell.Tab.0.bottom.-1920.0.1920.1200" width="1838" height="361" />
    <size key="GridCell.Tab.1.left.-1920.0.1920.1200" width="1838" height="361" />
    <size key="GridCell.Tab.1.center.-1920.0.1920.1200" width="1838" height="361" />
    <size key="GridCell.Tab.1.right.-1920.0.1920.1200" width="1838" height="361" />
    <size key="GridCell.Tab.1.bottom.-1920.0.1920.1200" width="1838" height="361" />
    <size key="GridCell.Tab.2.left.-1920.0.1920.1200" width="1838" height="361" />
    <size key="GridCell.Tab.2.center.-1920.0.1920.1200" width="1838" height="361" />
    <size key="GridCell.Tab.2.right.-1920.0.1920.1200" width="1838" height="361" />
    <size key="GridCell.Tab.2.bottom.-1920.0.1920.1200" width="1838" height="361" />
    <size key="GridCell.Tab.3.left.-1920.0.1920.1200" width="1838" height="450" />
    <size key="GridCell.Tab.3.center.-1920.0.1920.1200" width="1838" height="450" />
    <size key="GridCell.Tab.3.right.-1920.0.1920.1200" width="1838" height="450" />
    <size key="GridCell.Tab.3.bottom.-1920.0.1920.1200" width="1838" height="450" />
    <size key="GridCell.Tab.4.left.-1920.0.1920.1200" width="1838" height="450" />
    <size key="GridCell.Tab.4.center.-1920.0.1920.1200" width="1838" height="450" />
    <size key="GridCell.Tab.4.right.-1920.0.1920.1200" width="1838" height="450" />
    <size key="GridCell.Tab.4.bottom.-1920.0.1920.1200" width="1838" height="450" />
    <size key="find.popup.-1920.0.1920.1200" width="1903" height="1160" />
    <size key="GridCell.Tab.0.left.-3840.0.1920.1200" width="1838" height="361" />
    <size key="GridCell.Tab.0.center.-3840.0.1920.1200" width="1838" height="361" />
    <size key="GridCell.Tab.0.right.-3840.0.1920.1200" width="1838" height="361" />
    <size key="GridCell.Tab.0.bottom.-3840.0.1920.1200" width="1838" height="361" />
    <size key="GridCell.Tab.1.left.-3840.0.1920.1200" width="1530" height="776" />
    <size key="GridCell.Tab.1.center.-3840.0.1920.1200" width="1530" height="776" />
    <size key="GridCell.Tab.1.right.-3840.0.1920.1200" width="1530" height="776" />
    <size key="GridCell.Tab.1.bottom.-3840.0.1920.1200" width="1530" height="776" />
    <size key="GridCell.Tab.2.left.-3840.0.1920.1200" width="1838" height="546" />
    <size key="GridCell.Tab.2.center.-3840.0.1920.1200" width="1838" height="546" />
    <size key="GridCell.Tab.2.right.-3840.0.1920.1200" width="1838" height="546" />
    <size key="GridCell.Tab.2.bottom.-3840.0.1920.1200" width="1838" height="546" />
    <size key="GridCell.Tab.3.left.-3840.0.1920.1200" width="1838" height="595" />
    <size key="GridCell.Tab.3.center.-3840.0.1920.1200" width="1838" height="595" />
    <size key="GridCell.Tab.3.right.-3840.0.1920.1200" width="1838" height="595" />
    <size key="GridCell.Tab.3.bottom.-3840.0.1920.1200" width="1838" height="595" />
    <size key="GridCell.Tab.4.left.-3840.0.1920.1200" width="1838" height="595" />
    <size key="GridCell.Tab.4.center.-3840.0.1920.1200" width="1838" height="595" />
    <size key="GridCell.Tab.4.right.-3840.0.1920.1200" width="1838" height="595" />
    <size key="GridCell.Tab.4.bottom.-3840.0.1920.1200" width="1838" height="595" />
    <size key="find.popup.-3840.0.1920.1200" width="1903" height="1160" />
    <size key="find.popup.0.0.1920.1200" width="1218" height="824" />
    <size key="GridCell.Tab.0.left.-2400.608.1920.1080@120dpi" width="2298" height="1220" />
    <size key="GridCell.Tab.0.center.-2400.608.1920.1080@120dpi" width="2298" height="1220" />
    <size key="GridCell.Tab.0.right.-2400.608.1920.1080@120dpi" width="2298" height="1220" />
    <size key="GridCell.Tab.0.bottom.-2400.608.1920.1080@120dpi" width="2298" height="1220" />
    <size key="GridCell.Tab.1.left.-2400.608.1920.1080@120dpi" width="1818" height="295" />
    <size key="GridCell.Tab.1.center.-2400.608.1920.1080@120dpi" width="1818" height="295" />
    <size key="GridCell.Tab.1.right.-2400.608.1920.1080@120dpi" width="1818" height="295" />
    <size key="GridCell.Tab.1.bottom.-2400.608.1920.1080@120dpi" width="1818" height="295" />
    <size key="find.popup.-2400.608.1920.1080@120dpi" width="1523" height="1030" />
    <size key="GridCell.Tab.2.left.-2400.608.1920.1080@120dpi" width="1818" height="295" />
    <size key="GridCell.Tab.2.center.-2400.608.1920.1080@120dpi" width="1818" height="295" />
    <size key="GridCell.Tab.2.right.-2400.608.1920.1080@120dpi" width="1818" height="295" />
    <size key="GridCell.Tab.2.bottom.-2400.608.1920.1080@120dpi" width="1818" height="295" />
    <size key="GridCell.Tab.0.left.1920.-111.1920.1200" width="1838" height="472" />
    <size key="GridCell.Tab.0.center.1920.-111.1920.1200" width="1838" height="472" />
    <size key="GridCell.Tab.0.right.1920.-111.1920.1200" width="1838" height="472" />
    <size key="GridCell.Tab.0.bottom.1920.-111.1920.1200" width="1838" height="472" />
    <size key="GridCell.Tab.1.left.1920.-111.1920.1200" width="1838" height="472" />
    <size key="GridCell.Tab.1.center.1920.-111.1920.1200" width="1838" height="472" />
    <size key="GridCell.Tab.1.right.1920.-111.1920.1200" width="1838" height="472" />
    <size key="GridCell.Tab.1.bottom.1920.-111.1920.1200" width="1838" height="472" />
    <size key="GridCell.Tab.2.left.1920.-111.1920.1200" width="1838" height="472" />
    <size key="GridCell.Tab.2.center.1920.-111.1920.1200" width="1838" height="472" />
    <size key="GridCell.Tab.2.right.1920.-111.1920.1200" width="1838" height="472" />
    <size key="GridCell.Tab.2.bottom.1920.-111.1920.1200" width="1838" height="472" />
    <size key="find.popup.1920.-111.1920.1200" width="1920" height="1160" />
    <size key="GridCell.Tab.0.left.3840.-111.1920.1200" width="1838" height="705" />
    <size key="GridCell.Tab.0.center.3840.-111.1920.1200" width="1838" height="705" />
    <size key="GridCell.Tab.0.right.3840.-111.1920.1200" width="1838" height="705" />
    <size key="GridCell.Tab.0.bottom.3840.-111.1920.1200" width="1838" height="705" />
    <size key="GridCell.Tab.3.left.0.0.1920.1200" width="1838" height="361" />
    <size key="GridCell.Tab.3.center.0.0.1920.1200" width="1838" height="361" />
    <size key="GridCell.Tab.3.right.0.0.1920.1200" width="1838" height="361" />
    <size key="GridCell.Tab.3.bottom.0.0.1920.1200" width="1838" height="361" />
    <size key="GridCell.Tab.4.left.0.0.1920.1200" width="1838" height="361" />
    <size key="GridCell.Tab.4.center.0.0.1920.1200" width="1838" height="361" />
    <size key="GridCell.Tab.4.right.0.0.1920.1200" width="1838" height="361" />
    <size key="GridCell.Tab.4.bottom.0.0.1920.1200" width="1838" height="361" />
    <size key="GridCell.Tab.3.left.-2400.608.1920.1080@120dpi" width="1818" height="295" />
    <size key="GridCell.Tab.3.center.-2400.608.1920.1080@120dpi" width="1818" height="295" />
    <size key="GridCell.Tab.3.right.-2400.608.1920.1080@120dpi" width="1818" height="295" />
    <size key="GridCell.Tab.3.bottom.-2400.608.1920.1080@120dpi" width="1818" height="295" />
    <size key="GridCell.Tab.4.left.-2400.608.1920.1080@120dpi" width="1818" height="295" />
    <size key="GridCell.Tab.4.center.-2400.608.1920.1080@120dpi" width="1818" height="295" />
    <size key="GridCell.Tab.4.right.-2400.608.1920.1080@120dpi" width="1818" height="295" />
    <size key="GridCell.Tab.4.bottom.-2400.608.1920.1080@120dpi" width="1818" height="295" />
    <size key="GridCell.Tab.1.left.3840.-111.1920.1200" width="1838" height="705" />
    <size key="GridCell.Tab.1.center.3840.-111.1920.1200" width="1838" height="705" />
    <size key="GridCell.Tab.1.right.3840.-111.1920.1200" width="1838" height="705" />
    <size key="GridCell.Tab.1.bottom.3840.-111.1920.1200" width="1838" height="705" />
    <size key="GridCell.Tab.2.left.3840.-111.1920.1200" width="1838" height="534" />
    <size key="GridCell.Tab.2.center.3840.-111.1920.1200" width="1838" height="534" />
    <size key="GridCell.Tab.2.right.3840.-111.1920.1200" width="1838" height="534" />
    <size key="GridCell.Tab.2.bottom.3840.-111.1920.1200" width="1838" height="534" />
    <size key="GridCell.Tab.3.left.3840.-111.1920.1200" width="1838" height="534" />
    <size key="GridCell.Tab.3.center.3840.-111.1920.1200" width="1838" height="534" />
    <size key="GridCell.Tab.3.right.3840.-111.1920.1200" width="1838" height="534" />
    <size key="GridCell.Tab.3.bottom.3840.-111.1920.1200" width="1838" height="534" />
    <size key="GridCell.Tab.4.left.3840.-111.1920.1200" width="1838" height="534" />
    <size key="GridCell.Tab.4.center.3840.-111.1920.1200" width="1838" height="534" />
    <size key="GridCell.Tab.4.right.3840.-111.1920.1200" width="1838" height="534" />
    <size key="GridCell.Tab.4.bottom.3840.-111.1920.1200" width="1838" height="534" />
    <size key="GridCell.Tab.3.left.1920.-111.1920.1200" width="1838" height="534" />
    <size key="GridCell.Tab.3.center.1920.-111.1920.1200" width="1838" height="534" />
    <size key="GridCell.Tab.3.right.1920.-111.1920.1200" width="1838" height="534" />
    <size key="GridCell.Tab.3.bottom.1920.-111.1920.1200" width="1838" height="534" />
    <size key="GridCell.Tab.4.left.1920.-111.1920.1200" width="1838" height="534" />
    <size key="GridCell.Tab.4.center.1920.-111.1920.1200" width="1838" height="534" />
    <size key="GridCell.Tab.4.right.1920.-111.1920.1200" width="1838" height="534" />
    <size key="GridCell.Tab.4.bottom.1920.-111.1920.1200" width="1838" height="534" />
    <size key="find.popup.3840.-111.1920.1200" width="1218" height="824" />
  </component>
  <component name="WindowManager">
    <frame x="-7" y="0" width="1546" height="830" extendedState="6" />
  </component>
  <component name="WindowStateApplicationService">
    <state x="960" y="539" width="1000" height="916" key="WELCOME_SCREEN" timestamp="1751633207601">
      <screen x="0" y="0" width="1920" height="1160" />
    </state>
    <state x="960" y="539" width="1000" height="916" key="WELCOME_SCREEN/-1920.487.1536.832/0.0.1920.1160" timestamp="1751633207601" />
    <state x="768" y="383" width="800" height="650" key="WELCOME_SCREEN/0.0.1536.824/3840.-110.1920.1160/1920.-110.1920.1160" timestamp="1748345790988" />
  </component>
</application>