<keymap version="1" name="Windows Proper Redo" parent="$default">
  <action id="CWMHostShowPopupAction" />
  <action id="CodeCompletion">
    <keyboard-shortcut first-keystroke="ctrl space" />
    <keyboard-shortcut first-keystroke="ctrl y" />
  </action>
  <action id="CompareTwoFiles" />
  <action id="Console.TableResult.CloneRow" />
  <action id="DatabaseView.CopyAction" />
  <action id="Debug">
    <keyboard-shortcut first-keystroke="shift f9" />
    <keyboard-shortcut first-keystroke="ctrl d" />
  </action>
  <action id="Diff.ShowDiff" />
  <action id="EditSource">
    <keyboard-shortcut first-keystroke="f4" />
    <keyboard-shortcut first-keystroke="ctrl i" />
  </action>
  <action id="EditorDeleteLine" />
  <action id="EditorDuplicate" />
  <action id="EditorSelectWord" />
  <action id="ExpressionTypeInfo" />
  <action id="ExternalSystem.ProjectRefreshAction" />
  <action id="FileChooser.GotoDesktop" />
  <action id="ForceOthersToFollowAction" />
  <action id="Generate.Missing.Members.ES6" />
  <action id="Generate.Missing.Members.TypeScript" />
  <action id="GitUpdateSelectedBranchAction">
    <keyboard-shortcut first-keystroke="ctrl g" second-keystroke="u" />
  </action>
  <action id="GotoLine" />
  <action id="GotoRow" />
  <action id="GotoTest" />
  <action id="GuiDesigner.Duplicate" />
  <action id="Help.KeymapReference">
    <keyboard-shortcut first-keystroke="shift ctrl p" />
  </action>
  <action id="ImplementMethods" />
  <action id="MethodHierarchy.ImplementMethodAction" />
  <action id="NextTab">
    <keyboard-shortcut first-keystroke="alt right" />
    <keyboard-shortcut first-keystroke="alt l" />
  </action>
  <action id="PreviousTab">
    <keyboard-shortcut first-keystroke="alt left" />
    <keyboard-shortcut first-keystroke="alt h" />
  </action>
  <action id="QuickImplementations" />
  <action id="Replace" />
  <action id="ReplaceInPath" />
  <action id="Resume">
    <keyboard-shortcut first-keystroke="f9" />
    <keyboard-shortcut first-keystroke="shift ctrl r" />
  </action>
  <action id="Run">
    <keyboard-shortcut first-keystroke="shift f10" />
    <keyboard-shortcut first-keystroke="ctrl r" />
  </action>
  <action id="RunDashboard.CopyConfiguration" />
  <action id="SendEOF" />
  <action id="ServiceView.ShowServices" />
  <action id="SmartSelect" />
  <action id="SplitVertically">
    <keyboard-shortcut first-keystroke="ctrl w" />
  </action>
  <action id="StepInto">
    <keyboard-shortcut first-keystroke="f7" />
    <keyboard-shortcut first-keystroke="shift ctrl i" />
  </action>
  <action id="StepOut">
    <keyboard-shortcut first-keystroke="shift f8" />
    <keyboard-shortcut first-keystroke="shift ctrl t" />
  </action>
  <action id="StepOver">
    <keyboard-shortcut first-keystroke="f8" />
    <keyboard-shortcut first-keystroke="shift ctrl o" />
  </action>
  <action id="Stop">
    <keyboard-shortcut first-keystroke="ctrl f2" />
    <keyboard-shortcut first-keystroke="shift ctrl s" />
  </action>
  <action id="TableResult.GrowSelection" />
  <action id="TableResult.SelectColumn" />
  <action id="Terminal.CloseSession" />
  <action id="Terminal.DeletePreviousWord" />
  <action id="Terminal.NewTab" />
  <action id="Terminal.SearchInCommandHistory" />
  <action id="ToggleInlayHintsGloballyAction">
    <keyboard-shortcut first-keystroke="ctrl h" />
  </action>
  <action id="TypeHierarchy" />
  <action id="TypeHierarchyBase.BaseOnThisType" />
  <action id="UsageFiltering.Imports" />
  <action id="UsageFiltering.ReadAccess" />
  <action id="UsageFiltering.WriteAccess" />
  <action id="VimPluginToggle">
    <keyboard-shortcut first-keystroke="alt v" />
  </action>
  <action id="XDebugger.CopyWatch" />
  <action id="copilot.applyInlays">
    <keyboard-shortcut first-keystroke="shift ctrl y" />
  </action>
  <action id="copilot.disposeInlays" />
  <action id="org.intellij.plugins.markdown.ui.actions.styling.ToggleItalicAction" />
  <action id="org.intellij.plugins.markdown.ui.actions.styling.ToggleStrikethroughAction" />
</keymap>